Handle;Categories;
@1ant1;recenzijos;
@24faktai;edukacija,dokumentika;
@3draugai531;žaidimai,minecraft;
@ablamuke;žaidimai,roblox,minecraft;
@Adventures-e8i;vlog,gamta,žvejyba;
@Aidziokanalas;žaidimai,minecraft,įvairus;
@airidasgustas;vlog,gamta;
@aistelo;įvairus,žaidimai,counter-strike,minecraft;
@AIVARASM;vlog;
@AIXVA;muzika,edukacija;
@ALEXSHOW69;podcast;
@almutelauciuniene2842;muzika,shorts;
@Andreivyoutubization;dokumentika,vlog;
@ANDRISANDRIUS;įvairus,humoras,dokumentika;
@AndriusIvanov;muzika;
@AndriusTalzunas;įvairus,muzika,vlog;
@angelasLTU;žaidimai,minecraft;
@AntanasJFit;vlog,įvairus;
@apologetikalt;edukacija;
@aqva3528;įvairus,vlog;
@Arnux_;žaidimai,minecraft;
@arnuxas;žaidimai,minecraft;
@arnuxasgmlt1397;žaidimai,minecraft;
@ArnuxasXD;žaidimai,minecraft;
@Artikrai;edukacija;
@arturlebedenkoswan;podcast,edukacija,sportas;
@ASMRLIETUVISKAI;vlog,asmr;
@asmrLIETUVISKAI_Erika;asmr;
@AstByžaidimai;žaidimai;
@ateamcomedy7395;įvairus,podcast,vlog;
@AtvirasSeimas;institucija,žinios;
@AudriusUnikas;vlog,žvejyba;
@AugustasSuliauskas;recenzijos;
@Augustaz;žaidimai,minecraft,gta;
@AurimasValujavicius;vlog,gamta,dokumentika;
@BaltaLietuviS;recenzijos,kulinarija;
@BasketNewsLT;žinios;
@baudejastv2511;žaidimai,gta;
@bczalgiriskaunas;prekinis ženklas;
@Beatosvirtuve;edukacija,kulinarija;
@BieliauskuTaure;žaidimai,dokumentika,league of legends,minecraft;
@bigben6795;muzika,dokumentika;
@BITPLAKIS;recenzijos,vlog;
@BomzuNuotykiai;asmr,humoras;
@bongaboom;muzika;
@bubilas3438;animacija,humoras;
@butomis;vlog,mašinos;
@c0mmanderis476;žaidimai,gta;
@cestovas;įvairus,vlog;
@chestovas;įvairus,žaidimai,gta;
@CigonuTaborasv4;įvairus,humoras;
@DamagePlanas;įvairus,vlog,žaidimai;
@DariusZaidzia;žaidimai,minecraft,streamer;
@DartixzsKanalas;vlog;
@DeFaCtos;žaidimai,counter-strike,minecraft;
@degradacija;įvairus,podcast;
@Deividas;vlog;
@delfi;žinios,įvairus,edukacija;
@deMiko;įvairus,edukacija,dokumentika,humoras;
@DiceGam3Minecraft;žaidimai,minecraft;
@Dirbtiniai;žaidimai,humoras,league of legends,shorts;
@djnevykele4490;muzika;
@domanautas;įvairus,vlog,žaidimai,minecraft;
@dominykoatostogos5095;menas;
@DovydasSimasius;vlog,gamta;
@Dr3amwolf;įvairus,žaidimai,vlog,minecraft,counter-strike;
@draudis;žaidimai,counter-strike;
@Durtiniai;įvairus,žaidmai,league of legends;
@DzimisTV;žaidimai,gta,streamer,muzika;
@dziugasss;žaidimai,gta;
@dzug3919;žaidimai,gta;
@DzugasTV;žaidimai,gta;
@Easternas;žaidimai,gta;
@EasternEuropeanlt;įvairus;
@Edas;įvairus,žaidimai,minecraft,vlog;
@Edvisss;žaidimai,vaikams;
@ektechnologies;žaidimai,minecraft;
@Elc0m;įvairus,vlog,podcast;
@eliukas16;vlog;
@emilijaval4428;menas;
@emiliuxs;žaidimai,minecraft;
@EnoxsLT;žaidimai,minecraft;
@Ervanis;įvairus,žaidimai,recenzijos,minecraft,counter-strike;
@Euru_Bus;lošimas;
@EXOGAMERLietuva;edukacija,žaidimai,žinios;
@Faivas;įvairus,žaidimai,minecraft;
@Fervis;įvairus,vlog,minecraft,humoras;
@fishingdreem;žvejyba,vlog;
@FlixasPlayz;žaidimai,roblox;
@Flufikas;žaidimai;
@freshee;muzika,humoras;
@Frinziucha;žaidimai,minecraft;
@Fuxeris;žaidimai,gta,recenzijos;
@gaidelisklasika;muzika,prekinis ženklas;
@gamersvideolt;edukacija,žaidimai,recenzijos;
@garso_irasu_studija;įvairus,prekinis ženklas,žaidimai;
@gediminasgabalis;žaidimai,minecraft;
@GeimerMenas;žaidimai,įvairus;
@GerdaBieliauskaite;įvairus,muzika,vlog;
@Gibonas;įvairus,žaidimai,minecraft,fortnite;
@giedridzea.k.ashyguy3724;vlog,dokumentika;
@gintariniailaikai;muzika;
@gitassobolevskis11;edukacija,vlog;
@GojusGO;žaidimai,streamer,minecraft;
@gpociunas;edukacija;
@Griukse;žaidimai,gta,recenzijos;
@Guidoo;žaidimai,gta;
@gustelis10;įvairus,žaidimai,minecraft,roblox;
@gvidokas;įvairus,vlog,menas;
@GyvenimasSiaureje;podcast,edukacija;
@hiparikai;podcast;
@Ic3Log;įvairus,muzika,žaidimai,counter-strike;
@Ieva_yt;žaidimai,gta,streamer;
@IGOfficial;muzika;
@IgorisJarmolenka;muzika;
@ilgojipertrauka2978;podcast,edukacija;
@inchis1;žaidimai,humoras,įvairus;
@Incoresžaidimai;žaidimai,gta;
@Inzin13rius;žaidimai,streamer;
@IronWolves;žaidimai,league of legends;
@JakeCraftLTU;edukacija,mašinos,žaidimai;
@Jigglis;įvairus,vlog,žaidimai,gta;
@jochaidytv4858;humoras;
@Jokufenas;žaidimai,minecraft;
@jonassurkus7999;edukacija;
@jonazoleyt;įvairus,žaidimai,muzika,counter-strike;
@Judzikas;įvairus,žaidimai;
@jurijradovich;dokumentika,vlog,edukacija,žinios;
@juskygames;žaidimai,gta;
@justascool222;žaidimai,minecraft,league of legends,counter-strike;
@JustJorisLTU;įvairus,vlog;
@JustSphexArchive;žaidimai,counter-strike,league of legends;
@K2ComedyKanalas;podcast,humoras;
@kajuze;muzika;
@Kapitonas.;lošimas,gta,streamer.žaidimai;
@KARROLYZ;žaidimai,counter-strike,humoras;
@Kasparas809;edukacija,gamta,vlog;
@KazinoPlesikas;lošimas;
@Kerkyss;įvairus,žaidimai,minecraft,roblox;
@KlajumoKanalas;podcast,humoras;
@KONSOLIUS;recenzijos,žaidimai;
@KonstantinasLilas;muzika;
@KONTRALT;podcast;
@KornihaYT;muzika;
@kotaro_lietuva;vlog,edukacija;
@KovinisKompas;įvairus,žaidimai;
@krepsinisnet;žinios,podcast;
@KurybinisPotencialas;įvairus,vlog,humoras;
@kushiena2263;įvairus,humoras,žaidimai;
@lagerio.siaubas;edukacija,dokumentika;
@LaGGeriss;žaidimai,minecraft;
@laimonas8866;žaidimai,league of legends,humoras;
@LaisvesTV;žinios,edukacija;
@laxisltu;žaidimai,minecraft;
@Leshyoon;žaidimai,gta;
@linasaustralia;podcast,edukacija;
@LinasDirbaDarbus;įvairus,dokumentika,vlog,edukacija;
@LithuaniaHQ;muzika;
@LithuanianDreamWasTaken;įvairus,humoras,muzika,žaidimai;
@litvakas3231;žaidimai,gta;
@LocoModMenu;įvairus,lošimas,gta;
@lonelyufo;žaidimai,streamer;
@LTURepublic;įvairus,žaidimai,streamer;
@luckartist;podcast,edukacija;
@Lukinsas;žaidimai,minecraft,roblox;
@lukrecija4308;asmr;
@lunar0berta;žaidimai,streamer;
@LVA12LT;recenzijos;
@macgambleonme;muzika;
@MadMoneyLT;muzika;
@ManoVilnius;dokumentika,vlog;
@mantasbartusevicius9334;įvairus,vlog,humoras;
@Mantaz;žaidimai;
@mantelyz9708;žaidimai,counter-strike;
@mantitas11;žaidimai,minecraft,counter-strike;
@Marenozltu;žaidimai,minecraft;
@MartynasZvinys;edukacija,gamta,vlog;
@matematikalt;edukacija;
@Matematikosakademija;edukacija;
@McAriaLT;žaidimai,minecraft,counter-strike,gta;
@mcounter-striketylaz9234;muzika,humoras,edukacija;
@MediaLabLT;edukacija,dokumentika;
@Meskutis;žvejyba,vlog;
@Meta_ASMR;asmr;
@MGMantelio;žaidimai,counter-strike,gta;
@Mindeee-;įvairus,žaidimai,gta,minecraft;
@MineCraftasCo;žaidimai,minecraft;
@minesxlt;įvairus,esė,vlog;
@mishraine8766;įvairus;
@MoDiZzZ;įvairus,counter-strike,vlog;
@mokslosriuba;edukacija;
@Molgius;įvairus,roblox;
@MrBegedis;žaidimai,įvairus,gta,minecraft;
@mrmenas12;žaidimai,minecraft,fortnite;
@mrmunis;įvairus,vlog;
@MrVyvu;žaidimai,gta,streamer;
@MrZefyras;įvairus,vlog;
@MsMcElinute;žaidimai,minecraft;
@NedolerisV0X;žaidimai,minecraft,fortnite;
@negeimeris;žaidimai;
@NegyvasEteris;podcast;
@nesvankiai;įvairus;
@netobuli939;įvairus;
@Nevartyk;recenzijos,kulinarija,shorts;
@news247lt;recenzijos;
@nigerisjeisonas5932;žaidimai,minecraft;
@Noelis;įvairus,dokumentika;
@norbefilms;mašinos,edukacija,vlog;
@NorbertasOfficial;muzika;
@OGVersion;muzika;
@OmantasJokubaitis;podcast;
@Overcrow;įvairus,žaidimai,animacija;
@pasikalbejimai;podcast;
@pergale7421;įvairus,prekinis ženklas;
@PildykLT;vlog,humoras,prekinis ženklas;
@pixelsimke7210;recenzijos;
@PonasAkiniuotis;žaidimai,minecraft;
@PoviloKanalas;įvairus,žaidimai,vlog;
@pragaras;įvairus;
@prefislt;žaidimai;
@PressButtonTVLT;recenzijos,edukacija,žaidimai;
@proflame2122;muzika;
@prologai3443;podcast;
@ProPatria1;edukacija,podcast;
@PUKELIO;vlog,mašinos;
@punkto9973;muzika;
@Qbuildslt;recenzijos,įvairus;
@RadijoRanca;podcast;
@RaimondoKeliones;vlog;
@RetroLukasLT;recenzijos,žaidimai;
@RetroModas;recenzijos,žaidimai;
@retrosorkas775;recenzijos,žaidimai;
@ROKONUOTYKIAI;vlog;
@RymosShow;įvairus,vlog,humoras;
@SafasChannel;įvairus,humoras;
@sakesirnegroniai9298;podcast;
@SAZKanalas;žaidimai,fortnite;
@SDIKomanda;žaidimai,minecraft,league of legends,animacija;
@SelMusic;muzika;
@Šerifas;įvairus,žaidimai,gta;
@SimonBeatMaster;įvairus,muzika,vlog;
@Simonoskanalas;įvairus,žaidimai,vlog,minecraft;
@simuciokas;įvairus,žaidimai,minecraft,vlog,humoras;
@skaptetas1698;muzika;
@skardunas;įvairus,žaidimai,vlog;
@skeptikudraugija2984;edukacija;
@sketisxd;žaidimai,counter-strike,gta;
@skiriamesjuokauju;podcast,edukacija;
@Skreperiukas;žaidimai,minecraft;
@slim2kas408;įvairus,žaidimai,vlog,humoras;
@Slimukas;įvairus,žaidimai,humoras,animacija;
@snarantifejaasmr2235;asmr;
@Soblidas;įvairus,žaidimai,counter-strike,minecraft;
@sp0zen;žaidimai,gta;
@spurgis6280;įvairus,žaidimai;
@STAIT;žaidimai,gta,counter-strike;
@Stichas;žaidimai,gta,streamer;
@STIMOMEDIA;įvairus,vlog,humoras;
@StudentasTV272;žaidimai,gta;
@SubMarinas1;žaidimai,gta;
@Suboske;vlog,mašinos;
@suverenitetas;įvairus,edukacija;
@svarbeuse.dariti;žaidimai,gta;
@sveikuoliailt;edukacija;
@Sventinisbankuchenasrodo;įvairus,humoras,muzika;
@TaboBanda;įvairus,humoras,žaidimai,esė;
@Tearyt;žaidimai,minecraft;
@tele2lt;reklama,muzika;
@TermisLT;žaidimai,minecraft,counter-strike;
@The3dvinas;vlog;
@TheLimpius;įvairus,humoras,dokumentika;
@ThePajus;žaidimai,minecraft;
@ThePijuz;žaidimai,minecraft;
@thomasas1190;įvairus,humoras;
@tiesayrasvarbu;edukacija,dokumentika;
@Titukis;žaidimai,minecraft,fortnite;
@Tomuxas;žaidimai,įvairus,gta;
@Tortasis;žaidimai,įvairus;
@TreciaLentyna;dokumentika,įvairus;
@Twisteris;žaidimai,gta,counter-strike,minecraft;
@UNBOXLT;recenzijos;
@undergroundinisknygynas;dokumentika,humoras;
@urbietis1473;podcast;
@va-caritas;institucija,įvairus,podcast;
@Vaciuks;įvairus,vlog;
@valdelio420;žaidimai,įvairus,vlog,gta,counter-strike;
@vanillakillab;įvairus,humoras;
@varomparty2819;įvairus,vlog,muzika;
@VestroShow;dokumentika,esė;
@vestuviufilmavimas-vizastu4034;edukacija,vlog,prekinis ženklas;
@Viktislt;žaidimai,minecraft,league of legends;
@VILNIUSTECH;įvairus,žaidimai,institucija,podcast;
@VilniusTemperature;muzika;
@vinteris8363;žaidimai,roblox;
@Viperis;žaidimai;
@visaipaprasta;edukacija;
@vladaskukenas3547;vlog,žvejyba;
@VynoMergaites;podcast;
@vyriskavirtuve;edukacija,kulinarija;
@w4xyz;žaidimai,minecraft;
@wampaschillina;įvairus,žaidimai,vlog;
@whitebalaklava;įvairus;
@WhyDotas;įvairus,vlog,humoras,gamta,edukacija;
@Zaidziam;žaidimai,counter-strike,league of legends;
@ZaismoDNR;žaidimai,recenzijos,žinios;
@Zaliasis_Ekranas;žaidimai,league of legends;
@zbalsas;recenzijos,podcast,žaidimai;
@ZentelioKanalas;recenzijos;
@ZiniuTV;prekinis ženklas,žinios,podcast;
@zolininke;įvairus,animacija;
@Zygiz;įvairus,žaidimai,minecraft;
@zyyllmusic9464;muzika;
UC-VCxhn6a-nnSxjgAQrLbcA;recenzijos,kulinarija;
UC1cAUvq1UlNN_VR83rm9M7w;edukacija,dokumentika;
UC962MKsp3HK-ker1plMA9NQ;podcast;
UCAolQGvDZj5HWiAS4q8O1Qw;įvairus,žaidimai;
UCcvVfDUS3d13aB3ruwEUm_w;vlog;
UCd7FopwNDUWztuWsAEYzB0Q;žaidimai,minecraft;
UChsTN0Rfpq22Quu3ANClLgA;įvairus,žinios;
UCjC_7hcKPAWHnGOLjjvgzIg;vlog,gamta,dokumentika;
UCjWaVFRDSlfqmuyE4e5EctA;recenzijos,edukacija;
UClIoXNB_OPXetcounter-strikeubnNWMYA;vlog;
UCLubSboWNMdhq4C3T1bK5eA;edukacija,vlog,dokumentika;
UCmv7twu6B9RAF_qBT6LaWBw;vlog,žvejyba;
UCQSeA3ydHGUrQOxLscZyLAQ;įvairus,vlog,humoras;
UCtaanNkRweKiopNicAWFO1w;menas;
UCW0HsP41cMtOuzReK06dw4g;edukacija,gamta,podcast;
@tomas.ruginis;edukacija,gamta,vlog;
@NinjaTxGaming;žaidimai,minecraft;
@palaimatv;muzika;
@KamileBu;įvairus,vlog;
@Niekutis60;žaidimai,minecraft,fortnite;
@dzunor;edukacija;
@sirdele;komedija;
@Smetonavicius;žaidimai,counter-strike;
@ironmonkeygarage;įvairus,mašinos,kulinarija;
@protagonistasmagazine;įvairus,žaidimai,žinios;
@Kuklusofficial;muzika;
@laputesa6916;animacija,shorts;
@viliaus.nuotykiai;vlog;
@RadistaiSkambutis;prekinis ženklas,humoras;
@nojusbeata;įvairus,vlog;
